{
  "posts": [
    {
      "id": "4e54ea40-6dbc-4ea4-b281-2dad42876590",
      "author": "Mari",
      "title": "My last post",
      "content": "I can't believe how much I need a break from all of this right now.  I'm sooooooo glad it's almost over!",
      "datetime": "1526769518"
    },
    {
      "id": "8da2bec6-7404-4d80-846e-93493394aa32",
      "author": "Mari",
      "title": "Most Recent Post",
      "content": "Hi.  My name is Mari.  I would NEVER in my life create a blog and post it on the internet!",
      "datetime": "1526682796"
    },
    {
      "id": "d32f57d9-81c3-4ef7-8d66-dc4bb1ac1e4c",
      "author": "Mari",
      "title": "Next Test",
      "content": "This is my second test post.",
      "datetime": "1518301174"
    },
    {
      "id": "61385f1b-dd41-428d-ab3e-1135fb1193e5",
      "author": "Mari",
      "title": "Test Post ",
      "content": "This is a test",
      "datetime": "1518294207"
    },
    {
      "id": "487929f5-47bc-47af-864a-f570d2523f3e",
      "title": "support",
      "content": "Mauris enim leo, rhoncus sed, vestibulum sit amet, cursus id, turpis. Integer aliquet, massa id lobortis convallis, tortor risus dapibus augue, vel accumsan tellus nisi eu orci. Mauris lacinia sapien quis libero.\n\nNullam sit amet turpis elementum ligula vehicula consequat. Morbi a ipsum. Integer a nibh.\n\nIn quis justo. Maecenas rhoncus aliquam lacus. Morbi quis tortor id nulla ultrices aliquet.",
      "datetime": "1478674102",
      "author": "Valaria Claypool"
    },
    {
      "id": "92751d44-4a2c-4902-9673-07b9f94a6ee5",
      "title": "Versatile",
      "content": "Morbi non lectus. Aliquam sit amet diam in magna bibendum imperdiet. Nullam orci pede, venenatis non, sodales sed, tincidunt eu, felis.\n\nFusce posuere felis sed lacus. Morbi sem mauris, laoreet ut, rhoncus aliquet, pulvinar sed, nisl. Nunc rhoncus dui vel sem.\n\nSed sagittis. Nam congue, risus semper porta volutpat, quam pede lobortis ligula, sit amet eleifend pede libero quis orci. Nullam molestie nibh in lectus.\n\nPellentesque at nulla. Suspendisse potenti. Cras in purus eu magna vulputate luctus.",
      "datetime": "1476433347",
      "author": "Miltie McLachlan"
    },
    {
      "id": "bfa0f435-8c17-4897-b5cd-eaf61f2c313e",
      "title": "Persistent",
      "content": "Pellentesque at nulla. Suspendisse potenti. Cras in purus eu magna vulputate luctus.\n\nCum sociis natoque penatibus et magnis dis parturient montes, nascetur ridiculus mus. Vivamus vestibulum sagittis sapien. Cum sociis natoque penatibus et magnis dis parturient montes, nascetur ridiculus mus.",
      "datetime": "1484491890",
      "author": "Emmett Brambill"
    },
    {
      "id": "71eb324a-a7ac-4e93-948e-f2737e336bc3",
      "title": "adapter",
      "content": "Sed ante. Vivamus tortor. Duis mattis egestas metus.\n\nAenean fermentum. Donec ut mauris eget massa tempor convallis. Nulla neque libero, convallis eget, eleifend luctus, ultricies eu, nibh.",
      "datetime": "1496015917",
      "author": "Allan McVittie"
    },
    {
      "id": "65a3c5ea-f786-4417-8f41-0384e909361e",
      "title": "4th generation",
      "content": "In sagittis dui vel nisl. Duis ac nibh. Fusce lacus purus, aliquet at, feugiat non, pretium quis, lectus.\n\nSuspendisse potenti. In eleifend quam a odio. In hac habitasse platea dictumst.\n\nMaecenas ut massa quis augue luctus tincidunt. Nulla mollis molestie lorem. Quisque ut erat.",
      "datetime": "1470255057",
      "author": "Phip Harbisher"
    },
    {
      "id": "cf2bc6a6-90bb-4986-a89d-5c7f5ae0440e",
      "title": "Cloned",
      "content": "Lorem ipsum dolor sit amet, consectetuer adipiscing elit. Proin risus. Praesent lectus.\n\nVestibulum quam sapien, varius ut, blandit non, interdum in, ante. Vestibulum ante ipsum primis in faucibus orci luctus et ultrices posuere cubilia Curae; Duis faucibus accumsan odio. Curabitur convallis.\n\nDuis consequat dui nec nisi volutpat eleifend. Donec ut dolor. Morbi vel lectus in quam fringilla rhoncus.",
      "datetime": "1480720112",
      "author": "Winny Berryann"
    },
    {
      "id": "51c84dfc-a188-4f59-bcdd-22f6fabcfa77",
      "title": "task-force",
      "content": "Pellentesque at nulla. Suspendisse potenti. Cras in purus eu magna vulputate luctus.\n\nCum sociis natoque penatibus et magnis dis parturient montes, nascetur ridiculus mus. Vivamus vestibulum sagittis sapien. Cum sociis natoque penatibus et magnis dis parturient montes, nascetur ridiculus mus.",
      "datetime": "1484661191",
      "author": "Lanita Orfeur"
    },
    {
      "id": "d1639856-7b11-4b77-a4ea-f54c40092d3e",
      "title": "Front-line",
      "content": "Nulla ut erat id mauris vulputate elementum. Nullam varius. Nulla facilisi.\n\nCras non velit nec nisi vulputate nonummy. Maecenas tincidunt lacus at velit. Vivamus vel nulla eget eros elementum pellentesque.\n\nQuisque porta volutpat erat. Quisque erat eros, viverra eget, congue eget, semper rutrum, nulla. Nunc purus.\n\nPhasellus in felis. Donec semper sapien a libero. Nam dui.",
      "datetime": "1482003209",
      "author": "Latisha Arents"
    },
    {
      "id": "81846189-1eb8-4790-b7bf-d829d72672a6",
      "title": "strategy",
      "content": "Proin leo odio, porttitor id, consequat in, consequat ut, nulla. Sed accumsan felis. Ut at dolor quis odio consequat varius.\n\nInteger ac leo. Pellentesque ultrices mattis odio. Donec vitae nisi.\n\nNam ultrices, libero non mattis pulvinar, nulla pede ullamcorper augue, a suscipit nulla elit ac nulla. Sed vel enim sit amet nunc viverra dapibus. Nulla suscipit ligula in lacus.",
      "datetime": "1492668040",
      "author": "Nina Jenner"
    },
    {
      "id": "c671bea9-874c-4e3a-a8bb-083297da720c",
      "title": "groupware",
      "content": "Lorem ipsum dolor sit amet, consectetuer adipiscing elit. Proin risus. Praesent lectus.\n\nVestibulum quam sapien, varius ut, blandit non, interdum in, ante. Vestibulum ante ipsum primis in faucibus orci luctus et ultrices posuere cubilia Curae; Duis faucibus accumsan odio. Curabitur convallis.\n\nDuis consequat dui nec nisi volutpat eleifend. Donec ut dolor. Morbi vel lectus in quam fringilla rhoncus.\n\nMauris enim leo, rhoncus sed, vestibulum sit amet, cursus id, turpis. Integer aliquet, massa id lobortis convallis, tortor risus dapibus augue, vel accumsan tellus nisi eu orci. Mauris lacinia sapien quis libero.",
      "datetime": "1477014492",
      "author": "Livy Hallsworth"
    },
    {
      "id": "368e14c3-0045-458a-88e0-80fc3fe3a075",
      "title": "5th generation",
      "content": "Praesent blandit. Nam nulla. Integer pede justo, lacinia eget, tincidunt eget, tempus vel, pede.\n\nMorbi porttitor lorem id ligula. Suspendisse ornare consequat lectus. In est risus, auctor sed, tristique in, tempus sit amet, sem.",
      "datetime": "1485142634",
      "author": "Ingaborg Janiszewski"
    },
    {
      "id": "dcb164cd-3590-48a0-ad03-926fc8714bbe",
      "title": "Customer-focused",
      "content": "Aenean lectus. Pellentesque eget nunc. Donec quis orci eget orci vehicula condimentum.\n\nCurabitur in libero ut massa volutpat convallis. Morbi odio odio, elementum eu, interdum eu, tincidunt in, leo. Maecenas pulvinar lobortis est.\n\nPhasellus sit amet erat. Nulla tempus. Vivamus in felis eu sapien cursus vestibulum.\n\nProin eu mi. Nulla ac enim. In tempor, turpis nec euismod scelerisque, quam turpis adipiscing lorem, vitae mattis nibh ligula nec sem.",
      "datetime": "1489825549",
      "author": "Gayle Janus"
    },
    {
      "id": "f54b4527-137a-47b6-b238-d16fb2a84a39",
      "title": "monitoring",
      "content": "Maecenas leo odio, condimentum id, luctus nec, molestie sed, justo. Pellentesque viverra pede ac diam. Cras pellentesque volutpat dui.\n\nMaecenas tristique, est et tempus semper, est quam pharetra magna, ac consequat metus sapien ut nunc. Vestibulum ante ipsum primis in faucibus orci luctus et ultrices posuere cubilia Curae; Mauris viverra diam vitae quam. Suspendisse potenti.\n\nNullam porttitor lacus at turpis. Donec posuere metus vitae ipsum. Aliquam non mauris.\n\nMorbi non lectus. Aliquam sit amet diam in magna bibendum imperdiet. Nullam orci pede, venenatis non, sodales sed, tincidunt eu, felis.",
      "datetime": "1481171028",
      "author": "Silvie Rewbottom"
    },
    {
      "id": "916a2bef-f82a-40cc-a500-7c4eb568aa29",
      "title": "hub",
      "content": "Praesent blandit. Nam nulla. Integer pede justo, lacinia eget, tincidunt eget, tempus vel, pede.\n\nMorbi porttitor lorem id ligula. Suspendisse ornare consequat lectus. In est risus, auctor sed, tristique in, tempus sit amet, sem.\n\nFusce consequat. Nulla nisl. Nunc nisl.",
      "datetime": "1476601617",
      "author": "Fritz MacAdam"
    },
    {
      "id": "5c1a87bf-f8db-41d4-a032-32879fd471b2",
      "title": "Total",
      "content": "Morbi porttitor lorem id ligula. Suspendisse ornare consequat lectus. In est risus, auctor sed, tristique in, tempus sit amet, sem.\n\nFusce consequat. Nulla nisl. Nunc nisl.\n\nDuis bibendum, felis sed interdum venenatis, turpis enim blandit mi, in porttitor pede justo eu massa. Donec dapibus. Duis at velit eu est congue elementum.",
      "datetime": "1497024822",
      "author": "Kathrine Dinsale"
    },
    {
      "id": "fdccbd79-7fd0-45d1-91cd-1dcba9b30f29",
      "title": "interactive",
      "content": "Pellentesque at nulla. Suspendisse potenti. Cras in purus eu magna vulputate luctus.\n\nCum sociis natoque penatibus et magnis dis parturient montes, nascetur ridiculus mus. Vivamus vestibulum sagittis sapien. Cum sociis natoque penatibus et magnis dis parturient montes, nascetur ridiculus mus.",
      "datetime": "1476960970",
      "author": "Brina Prynne"
    },
    {
      "id": "328ad9e2-82e2-497e-a546-c4cd56efbef1",
      "title": "User-friendly",
      "content": "Morbi porttitor lorem id ligula. Suspendisse ornare consequat lectus. In est risus, auctor sed, tristique in, tempus sit amet, sem.\n\nFusce consequat. Nulla nisl. Nunc nisl.",
      "datetime": "1483029344",
      "author": "Jacklin Filipic"
    },
    {
      "id": "16aac6b5-538f-4e76-919b-18752bf0ca99",
      "title": "local",
      "content": "Lorem ipsum dolor sit amet, consectetuer adipiscing elit. Proin risus. Praesent lectus.\n\nVestibulum quam sapien, varius ut, blandit non, interdum in, ante. Vestibulum ante ipsum primis in faucibus orci luctus et ultrices posuere cubilia Curae; Duis faucibus accumsan odio. Curabitur convallis.\n\nDuis consequat dui nec nisi volutpat eleifend. Donec ut dolor. Morbi vel lectus in quam fringilla rhoncus.",
      "datetime": "1475867373",
      "author": "Laney Leverich"
    },
    {
      "id": "0abc7179-cbc2-4a29-bd55-193fa85adecd",
      "title": "Ameliorated",
      "content": "Curabitur in libero ut massa volutpat convallis. Morbi odio odio, elementum eu, interdum eu, tincidunt in, leo. Maecenas pulvinar lobortis est.\n\nPhasellus sit amet erat. Nulla tempus. Vivamus in felis eu sapien cursus vestibulum.\n\nProin eu mi. Nulla ac enim. In tempor, turpis nec euismod scelerisque, quam turpis adipiscing lorem, vitae mattis nibh ligula nec sem.\n\nDuis aliquam convallis nunc. Proin at turpis a pede posuere nonummy. Integer non velit.",
      "datetime": "1481441291",
      "author": "Issy Erwin"
    },
    {
      "id": "f498815e-aabb-4c8f-8de4-bac880aa3251",
      "title": "task-force",
      "content": "Phasellus sit amet erat. Nulla tempus. Vivamus in felis eu sapien cursus vestibulum.\n\nProin eu mi. Nulla ac enim. In tempor, turpis nec euismod scelerisque, quam turpis adipiscing lorem, vitae mattis nibh ligula nec sem.\n\nDuis aliquam convallis nunc. Proin at turpis a pede posuere nonummy. Integer non velit.\n\nDonec diam neque, vestibulum eget, vulputate ut, ultrices vel, augue. Vestibulum ante ipsum primis in faucibus orci luctus et ultrices posuere cubilia Curae; Donec pharetra, magna vestibulum aliquet ultrices, erat tortor sollicitudin mi, sit amet lobortis sapien sapien non mi. Integer ac neque.",
      "datetime": "1482678406",
      "author": "Sheilah Poltun"
    }
  ]
}